time,players,tidi,tidi_fastavg,tidi_avg,tidi_slowavg,maptick,num_timers,in_progress,in_callback,send_maps,send_maps_count,initial_house,initial_house_count,cleanup,cleanup_count,client_loop,client_loop_count,per_client,per_client_count,deleted_images,deleted_images_count,hud_update,hud_update_count,statpanel_update,statpanel_update_count,map_data,map_data_count,check_eye_pos,check_eye_pos_count,update_chunks,update_chunks_count,turfmap_updates,turfmap_updates_count,changed_turfs,changed_turfs_count,turf_chunk_info,turf_chunk_info_count,obj_changes,obj_changes_count,mob_changes,mob_changes_count,send_turf_vis_conts,send_turf_vis_conts_count,pending_animations,pending_animations_count,look_for_movable_changes,look_for_movable_changes_count,check_turf_vis_conts,check_turf_vis_conts_count,check_hud/image_vis_contents,check_hud/image_vis_contents_count,turfs_in_range,turfs_in_range_count,movables_examined,movables_examined_count
78.5,1,0,0,0,0,0.120728,2,0,0,0.0077517,120,0.0020254,120,0.0004093,120,0.0053114,120,0,0,7.2e-06,120,6.61e-05,8,6.61e-05,15,0.0002686,120,9.12e-05,120,0.0001675,120,3.5e-06,1,0.0002105,6,7.52e-05,117,0.0001025,120,0.0001223,120,6.2e-05,120,1.64e-05,120,0.001379,120,0,0,0.0009617,120,0.0003641,120,5640,120
178.5,1,4,1.2,0.24,0.024,0.241233,2,0,0,0.0302024,320,0.0022565,320,0.0012588,320,0.0266715,320,0,0,2.28e-05,320,0.0004803,24,0.0001971,40,0.0008748,320,0.0003082,320,0.0007997,320,0.0009066,4,0.0012536,10,0.0002388,315,0.0008872,320,0.0004456,320,0.0001743,320,7.07e-05,320,0.01101,320,0,0,0.0038179,320,0.006952,320,54310,320
278.5,1,3,1.74,0.54,0.0756,0.361742,2,0,0,0.0610269,520,0.002799,520,0.0020484,520,0.056155,520,0,0,3.44e-05,520,0.0038103,158,0.0002912,65,0.0013956,520,0.0005119,520,0.0015063,520,0.0009066,4,0.0012536,10,0.0003599,515,0.00283,520,0.0006393,520,0.0002471,520,9.65e-05,520,0.0236433,520,0,0,0.0069439,520,0.0163238,520,134640,520
378.5,1,0,1.218,0.6756,0.1356,0.197651,1,0,0,0.0854204,720,0.0030715,720,0.002823,720,0.0794914,720,0,0,4.75e-05,720,0.0056539,228,0.0003838,90,0.0019421,720,0.0007226,720,0.002201,720,0.0009066,4,0.0012536,10,0.0004807,715,0.0038477,720,0.0008881,720,0.0003485,720,0.0001273,720,0.0369393,720,0,0,0.0104032,720,0.0259245,720,214545,720
478.5,1,0,0.8526,0.711,0.19314,0.188676,0,0,0,0.104467,920,0.0032252,920,0.0035956,920,0.0976025,920,0,0,6.19e-05,920,0.0058065,241,0.0004756,115,0.0024884,920,0.0009166,920,0.002888,920,0.0009066,4,0.0013187,11,0.0006005,915,0.0040055,920,0.0011333,920,0.0004718,920,0.0001469,920,0.0503447,920,0,0,0.0139179,920,0.0355584,920,293961,920
578.5,1,0,0.59682,0.688164,0.242642,0.231126,0,0,0,0.124206,1120,0.0033932,1120,0.0044112,1120,0.11635,1120,0,0,7.32e-05,1120,0.0059581,254,0.0005748,140,0.0030455,1120,0.0011147,1120,0.0036174,1120,0.0009066,4,0.0013187,11,0.000723,1115,0.0042066,1120,0.0014071,1120,0.0005984,1120,0.0001625,1120,0.0641326,1120,0,0,0.017552,1120,0.0454658,1120,373681,1120
678.5,1,0,0.417774,0.634086,0.281787,0.420367,0,0,0,0.150103,1320,0.0036281,1320,0.0052052,1320,0.141209,1320,0,0,8.54e-05,1320,0.0064179,270,0.0008268,165,0.0035583,1320,0.001302,1320,0.0043014,1320,0.0030451,12,0.0013187,11,0.000865,1307,0.0055529,1320,0.0018154,1320,0.0006999,1320,0.0001875,1320,0.078101,1320,0,0,0.0211129,1320,0.0556294,1320,450051,1320
778.5,1,0,0.292442,0.565757,0.310184,0.272779,0,0,0,0.177659,1520,0.0037827,1520,0.0060771,1520,0.167728,1520,0,0,9.82e-05,1520,0.0068443,285,0.0009566,190,0.0041343,1520,0.0014903,1520,0.0050872,1520,0.0036318,14,0.0013187,11,0.0009858,1505,0.0059694,1520,0.0021605,1520,0.000817,1520,0.0002117,1520,0.0973751,1520,0,0,0.0254793,1520,0.0702673,1520,529867,1520
878.5,1,0,0.204709,0.493548,0.32852,0.247316,0,0,0,0.204683,1720,0.0039334,1720,0.0069251,1720,0.193744,1720,0,0,0.0001118,1720,0.0070049,297,0.0010566,215,0.00469,1720,0.0016884,1720,0.0058693,1720,0.0036318,14,0.0013187,11,0.0011055,1705,0.0061633,1720,0.0024484,1720,0.0009369,1720,0.0002269,1720,0.117006,1720,0,0,0.0301507,1720,0.0849182,1720,613747,1720
978.5,1,0,0.143296,0.423497,0.338018,0.31688,0,0,0,0.231005,1920,0.0040838,1920,0.0077271,1920,0.219103,1920,0,0,0.0001223,1920,0.0072363,311,0.001146,240,0.0052414,1920,0.0018835,1920,0.0066221,1920,0.0038882,15,0.0013187,11,0.0012236,1904,0.0063537,1920,0.0027317,1920,0.0010639,1920,0.0002439,1920,0.136348,1920,0,0,0.0347393,1920,0.0993616,1920,697474,1920
1078.5,1,0,0.100308,0.358859,0.340102,0.156643,0,0,0,0.250497,2120,0.0042456,2120,0.0085254,2120,0.237627,2120,0,0,0.0001351,2120,0.0074132,325,0.0012593,265,0.0057328,2120,0.0020715,2120,0.0072018,2120,0.0046435,19,0.0013187,11,0.0013747,2101,0.0067723,2120,0.0030473,2120,0.0011841,2120,0.0002718,2120,0.148761,2120,0,0,0.037976,2120,0.108316,2120,746492,2120
1178.5,1,0,0.0702153,0.301131,0.336205,0.311954,0,0,0,0.289995,2320,0.0043819,2320,0.0093222,2320,0.276181,2320,0,0,0.0001484,2320,0.0111774,448,0.001362,290,0.0062567,2320,0.0022792,2320,0.0078959,2320,0.0056565,21,0.0013187,11,0.001534,2300,0.0096853,2320,0.0032759,2320,0.0012695,2320,0.0003169,2320,0.169463,2320,0,0,0.042625,2320,0.124159,2320,851727,2320
1278.5,1,0,0.0491507,0.250735,0.327658,0.387316,0,0,0,0.32903,2520,0.0045151,2520,0.0101015,2520,0.314293,2520,0,0,0.0001599,2520,0.014957,565,0.0014372,315,0.0067405,2520,0.0024812,2520,0.0085963,2520,0.0056565,21,0.0013187,11,0.0016631,2500,0.0119723,2520,0.0034816,2520,0.0013513,2520,0.0003359,2520,0.191513,2520,0,0,0.0474482,2520,0.141161,2520,966247,2520
1378.5,1,0,0.0344055,0.207469,0.315639,0.288826,0,0,0,0.361445,2720,0.004665,2720,0.0108976,2720,0.345753,2720,0,0,0.0001717,2720,0.0153462,584,0.0015533,340,0.0072488,2720,0.0026722,2720,0.0092973,2720,0.007073,23,0.0013187,11,0.0017819,2698,0.0124034,2720,0.0037652,2720,0.0014746,2720,0.0003776,2720,0.215075,2720,0,0,0.0529266,2720,0.158785,2720,1078948,2720
1478.5,1,0,0.0240838,0.170792,0.301154,0.276878,0,0,0,0.393106,2920,0.0048199,2920,0.011734,2920,0.376412,2920,0,0,0.0001841,2920,0.015741,598,0.001673,365,0.0077987,2920,0.0028544,2920,0.0100339,2920,0.008941,28,0.0013187,11,0.0019178,2893,0.0136809,2920,0.0041343,2920,0.0015899,2920,0.0003964,2920,0.236098,2920,0,0,0.0587382,2920,0.173643,2920,1163784,2920
1578.5,1,0,0.0168587,0.140005,0.285039,0.495691,0,0,0,0.423646,3120,0.0049817,3120,0.0125694,3120,0.405945,3120,0,0,0.0001946,3120,0.0160387,612,0.0017846,390,0.0083417,3120,0.0030493,3120,0.0107498,3120,0.0103334,32,0.0013187,11,0.0020705,3089,0.0147088,3120,0.0044615,3120,0.0017053,3120,0.0004128,3120,0.257406,3120,0,0,0.0648476,3120,0.188506,3120,1249160,3120
1678.5,1,0,0.0118011,0.114364,0.267972,0.288142,0,0,0,0.459427,3320,0.0051515,3320,0.013386,3320,0.440731,3320,0,0,0.000211,3320,0.0163334,626,0.0019602,415,0.0088471,3320,0.0032352,3320,0.0114592,3320,0.0120325,37,0.0013187,11,0.0022277,3284,0.0161166,3320,0.0048803,3320,0.0018152,3320,0.0004316,3320,0.282125,3320,0,0,0.0708196,3320,0.206891,3320,1351941,3320
1778.5,1,0,0.00826075,0.0931436,0.250489,0.266667,0,0,0,0.488459,3520,0.0053017,3520,0.014223,3520,0.468767,3520,0,0,0.0002231,3520,0.0165467,640,0.0020678,440,0.0093791,3520,0.0034342,3520,0.0122353,3520,0.0125899,39,0.0013187,11,0.00235,3483,0.0164613,3520,0.0052173,3520,0.0019313,3520,0.0004502,3520,0.302735,3520,0,0,0.0766382,3520,0.221335,3520,1430458,3520
1878.5,1,0,0.00578253,0.0756714,0.233007,0.260254,0,0,0,0.51483,3720,0.0054431,3720,0.015023,3720,0.494186,3720,0,0,0.0002352,3720,0.0166888,652,0.0021533,465,0.0098936,3720,0.0036175,3720,0.012983,3720,0.0125899,39,0.0013187,11,0.0024668,3683,0.0165883,3720,0.0055114,3720,0.0020519,3720,0.0004648,3720,0.323135,3720,0,0,0.0827861,3720,0.235226,3720,1511858,3720
1978.5,1,0,0.00404777,0.0613467,0.215841,0.265678,0,0,0,0.542096,3920,0.0055932,3920,0.0158236,3920,0.520493,3920,0,0,0.0002474,3920,0.0168555,665,0.0022403,490,0.0104381,3920,0.0038111,3920,0.0137597,3920,0.0125899,39,0.0013187,11,0.0025902,3883,0.0167139,3920,0.0058086,3920,0.0021737,3920,0.00048,3920,0.344052,3920,0,0,0.0890526,3920,0.249516,3920,1593258,3920
2078.5,1,1,0.302833,0.109644,0.205221,0.267241,0,0,0,0.56857,4120,0.0057407,4120,0.0166079,4120,0.546027,4120,0,0,0.0002575,4120,0.0169959,677,0.0023305,515,0.0109748,4120,0.004002,4120,0.0145166,4120,0.0125899,39,0.0013187,11,0.0027126,4083,0.0168479,4120,0.0060768,4120,0.002295,4120,0.0004952,4120,0.364749,4120,0,0,0.0953285,4120,0.263571,4120,1674658,4120
2178.5,1,0,0.211983,0.130112,0.19771,0.263403,0,0,0,0.595313,4320,0.0058844,4320,0.017406,4320,0.571816,4320,0,0,0.0002705,4320,0.017238,692,0.0024262,540,0.0115128,4320,0.0041872,4320,0.0152627,4320,0.0125899,39,0.0013187,11,0.0028299,4283,0.017013,4320,0.0063413,4320,0.0024176,4320,0.0005092,4320,0.385525,4320,0,0,0.101779,4320,0.277531,4320,1756531,4320
2278.5,1,0,0.148388,0.133767,0.191316,0.269853,0,0,0,0.622497,4520,0.006019,4520,0.0182399,4520,0.598023,4520,0,0,0.0002812,4520,0.0174031,705,0.0025132,565,0.0120374,4520,0.0043774,4520,0.016013,4520,0.0125899,39,0.0013187,11,0.0029516,4483,0.0171454,4520,0.0066072,4520,0.0025366,4520,0.0005231,4520,0.40651,4520,0,0,0.10831,4520,0.29163,4520,1838731,4520
2378.5,1,0,0.103872,0.127788,0.184963,0.29084,0,0,0,0.650837,4720,0.0061605,4720,0.0190973,4720,0.625355,4720,0,0,0.0002931,4720,0.0175731,718,0.002605,590,0.012583,4720,0.0045674,4720,0.0167955,4720,0.0125899,39,0.0013187,11,0.0030745,4683,0.0172768,4720,0.0068784,4720,0.0026573,4720,0.0005364,4720,0.428273,4720,0,0,0.115205,4720,0.306161,4720,1920931,4720
2478.5,1,0,0.0727103,0.116773,0.178144,0.281365,0,0,0,0.678736,4920,0.0063095,4920,0.0199441,4920,0.652248,4920,0,0,0.0003049,4920,0.0177251,730,0.0026933,615,0.0131425,4920,0.0047609,4920,0.0175885,4920,0.0125899,39,0.0013187,11,0.0031975,4883,0.0174439,4920,0.0071716,4920,0.0027882,4920,0.0005533,4920,0.449983,4920,0,0,0.121946,4920,0.32076,4920,2003131,4920
2578.5,1,0,0.0508972,0.103598,0.17069,0.258281,0,0,0,0.705583,5120,0.0064494,5120,0.0207511,5120,0.678139,5120,0,0,0.0003166,5120,0.0178876,743,0.0027809,640,0.013669,5120,0.0049522,5120,0.0183292,5120,0.0125899,39,0.0014558,14,0.0033138,5083,0.0176245,5120,0.0074332,5120,0.0029146,5120,0.0005682,5120,0.470657,5120,0,0,0.12829,5120,0.334748,5120,2085331,5120
2678.5,1,0,0.035628,0.0900036,0.162621,0.27023,0,0,0,0.732547,5320,0.0065875,5320,0.0215432,5320,0.704163,5320,0,0,0.0003294,5320,0.0180438,755,0.0028759,665,0.0142246,5320,0.0051501,5320,0.0191081,5320,0.0125899,39,0.0014558,14,0.0034348,5283,0.0177522,5320,0.0076971,5320,0.0030394,5320,0.0005836,5320,0.491771,5320,0,0,0.134805,5320,0.348929,5320,2167531,5320
2778.5,1,0,0.0249396,0.0769908,0.154058,0.261155,0,0,0,0.75952,5520,0.0067269,5520,0.022363,5520,0.730166,5520,0,0,0.0003414,5520,0.0182085,768,0.0029647,690,0.0147699,5520,0.0053469,5520,0.0198837,5520,0.0125899,39,0.0014558,14,0.0035576,5483,0.0178853,5520,0.0079638,5520,0.0031701,5520,0.0005992,5520,0.512891,5520,0,0,0.141284,5520,0.363171,5520,2249731,5520
2878.5,1,0,0.0174577,0.0650842,0.145161,0.270405,0,0,0,0.786715,5720,0.0068763,5720,0.0231638,5720,0.756402,5720,0,0,0.0003535,5720,0.018362,780,0.0030554,715,0.0153062,5720,0.0055384,5720,0.0206509,5720,0.0125899,39,0.0014558,14,0.0036748,5683,0.018036,5720,0.0082427,5720,0.003299,5720,0.0006142,5720,0.534086,5720,0,0,0.147794,5720,0.377438,5720,2331931,5720
2978.5,1,0,0.0122204,0.0545115,0.136096,0.282741,0,0,0,0.819194,5920,0.0070417,5920,0.0240039,5920,0.787862,5920,0,0,0.0003652,5920,0.0185575,794,0.0032054,740,0.015815,5920,0.0057323,5920,0.021425,5920,0.0149083,45,0.0014558,14,0.0038141,5877,0.0193847,5920,0.0085868,5920,0.0034199,5920,0.000633,5920,0.555259,5920,0,0,0.153655,5920,0.392419,5920,2413499,5920
3078.5,1,0,0.00855429,0.04532,0.127018,0.323749,0,0,0,0.847186,6120,0.0072037,6120,0.0248167,6120,0.81487,6120,0,0,0.0003894,6120,0.0189298,813,0.0033311,765,0.0163656,6120,0.0059352,6120,0.022058,6120,0.015287,47,0.0014558,14,0.0039416,6068,0.0200136,6120,0.0090587,6120,0.0035322,6120,0.0006673,6120,0.574155,6120,0,0,0.159729,6120,0.404919,6120,2488892,6120
3178.5,1,0,0.00598801,0.0374536,0.118062,0.339161,0,0,0,0.877318,6320,0.0073477,6320,0.0256406,6320,0.844024,6320,0,0,0.000402,6320,0.0192225,831,0.0034778,790,0.016885,6320,0.0061359,6320,0.0227028,6320,0.0157602,48,0.0015086,15,0.0040639,6266,0.0206148,6320,0.0093945,6320,0.0036603,6320,0.0006824,6320,0.59555,6320,0,0,0.166969,6320,0.418757,6320,2575607,6320
3278.5,1,0,0.0041916,0.0308012,0.109336,0.315974,0,0,0,0.914701,6520,0.0075088,6520,0.0264592,6520,0.880417,6520,0,0,0.0004155,6520,0.0194042,843,0.0036788,815,0.0173918,6520,0.0063444,6520,0.0233957,6520,0.0174355,52,0.0015816,17,0.0042106,6458,0.0220877,6520,0.0097255,6520,0.0037637,6520,0.0006977,6520,0.621418,6520,0,0,0.174501,6520,0.436726,6520,2686178,6520
3378.5,1,0,0.00293412,0.0252278,0.100925,0.414523,0,0,0,0.949098,6720,0.0076684,6720,0.0272995,6720,0.913804,6720,0,0,0.0004274,6720,0.0197421,858,0.0038347,840,0.0179137,6720,0.0065684,6720,0.0241695,6720,0.0182504,55,0.0016421,19,0.00433,6653,0.0230359,6720,0.0101609,6720,0.0038746,6720,0.0007181,6720,0.645589,6720,0,0,0.181831,6720,0.453118,6720,2778801,6720
3478.5,1,0,0.00205389,0.020593,0.0928917,0.309074,0,0,0,0.981393,6920,0.0078736,6920,0.0281171,6920,0.945068,6920,0,0,0.0004615,6920,0.0201657,881,0.0039614,865,0.0184876,6920,0.006791,6920,0.0249414,6920,0.0183347,56,0.0016838,20,0.004494,6837,0.0240527,6920,0.0107643,6920,0.0039821,6920,0.0007768,6920,0.666899,6920,0,0,0.188082,6920,0.467828,6920,2865068,6920
3578.5,1,0,0.00143772,0.016762,0.0852787,0.287025,0,0,0,1.01355,7120,0.0080359,7120,0.0289365,7120,0.976234,7120,0,0,0.0004783,7120,0.0207568,903,0.0040952,890,0.0190252,7120,0.0070099,7120,0.0256973,7120,0.0195236,61,0.0016838,20,0.0046319,7029,0.0249952,7120,0.0112624,7120,0.0040904,7120,0.0008533,7120,0.688003,7120,0,0,0.19445,7120,0.482218,7120,2946245,7120
3678.5,1,0,0.0010064,0.0136108,0.0781119,0.31155,0,0,0,1.0467,7320,0.0082146,7320,0.029725,7320,1.0084,7320,0,0,0.0005141,7320,0.02141,927,0.0042142,915,0.0196075,7320,0.0072384,7320,0.0264626,7320,0.0205763,66,0.0016838,20,0.0047434,7213,0.0260377,7320,0.0119366,7320,0.0042066,7320,0.0008894,7320,0.709194,7320,0,0,0.201422,7320,0.496114,7320,3030593,7320
3778.5,1,0,0.000704483,0.0110296,0.0714037,0.2774,0,0,0,1.07769,7520,0.0083561,7520,0.0305161,7520,1.03845,7520,0,0,0.0005273,7520,0.021855,945,0.0043478,940,0.0201433,7520,0.0074679,7520,0.0272073,7520,0.0214168,71,0.0016838,20,0.0048643,7409,0.0268458,7520,0.0123753,7520,0.0043165,7520,0.0009187,7520,0.730908,7520,0,0,0.20843,7520,0.510404,7520,3115197,7520
3878.5,1,0,0.000493138,0.00892229,0.0651555,0.266163,0,0,0,1.10512,7720,0.0084838,7720,0.0313016,7720,1.06496,7720,0,0,0.0005385,7720,0.0221196,962,0.0044361,965,0.0206756,7720,0.0076829,7720,0.0279618,7720,0.0214168,71,0.0016838,20,0.0049822,7609,0.0269751,7720,0.0126394,7720,0.0044463,7720,0.0009338,7720,0.752903,7720,0,0,0.215808,7720,0.524646,7720,3199797,7720
